Workbook

Sheet Regression
A1: SUMMARY OUTPUT
A3: Regression Statistics
A4: Multiple R | B4: 0.86584902
A5: R Square | B5: 0.74969453
A6: Adjusted R Square | B6: 0.74894343
A7: Standard Error | B7: 6067.7872
A8: Observations | B8: 1338
A10: ANOVA
B11: df | C11: SS | D11: MS | E11: F | F11: Significance F
A12: Regression | B12: 4 | C12: 1.4699577e+11 | D12: 3.6748943e+10 | E12: 998.12322 | F12: 0
A13: Residual | B13: 1333 | C13: 4.907845e+10 | D13: 36818042
A14: Total | B14: 1337 | C14: 1.9607422e+11
B16: Coefficients | C16: Standard Error | D16: t Stat | E16: P-value | F16: Lower 95% | G16: Upper 95% | H16: Lower 95.0% | I16: Upper 95.0%
A17: Intercept | B17: -12102.769 | C17: 941.98394 | D17: -12.84817 | E17: 1.0516494e-35 | F17: -13950.702 | G17: -10254.837 | H17: -13950.702 | I17: -10254.837
A18: age | B18: 257.84951 | C18: 11.896386 | D18: 21.674608 | E18: 1.7483422e-89 | F18: 234.51183 | G18: 281.18719 | H18: 234.51183 | I18: 281.18719
A19: bmi | B19: 321.8514 | C19: 27.377632 | D19: 11.755999 | E19: 1.9739868e-30 | F19: 268.14346 | G19: 375.55934 | H19: 268.14346 | I19: 375.55934
A20: children | B20: 473.50232 | C20: 137.79167 | D20: 3.4363638 | E20: 0.00060771583 | F20: 203.19016 | G20: 743.81447 | H20: 203.19016 | I20: 743.81447
A21: smoker(0/1) | B21: 23811.4 | C21: 411.21971 | D21: 57.904325 | E21: 0 | F21: 23004.692 | G21: 24618.108 | H21: 23004.692 | I21: 24618.108
A25: RESIDUAL OUTPUT
A27: Observation | B27: Predicted charges | C27: Residuals
A28: 1 | B28: 3880.9459 | C28: -2155.3936
A29: 2 | B29: 3513.6546 | C29: -2376.6436
A30: 3 | B30: 1008.0414 | C30: 1190.1484
A31: 4 | B31: 5929.9109 | C31: -2536.5545
A32: 5 | B32: 4004.478 | C32: -1793.3472
A33: 6 | B33: 27493.179 | C33: 6809.9885
A34: 7 | B34: 2231.0768 | C34: 19113.77
A35: 8 | B35: 182.49258 | C35: 1523.1319
A36: 9 | B36: 24452.531 | C36: -8934.3504
A37: 10 | B37: 28210.146 | C37: 7939.3377
A38: 11 | B38: -2324.7298 | C38: 4019.5262
A39: 12 | B39: 4858.9935 | C39: -3227.1723
... A1365: 1338 | B1365: 35858.188 | C1365: -8931.6739

Sheet Pivot Summary
A3: Smoker? | B3: Count of trial_ID | C3: Average of charges | D3: Sum of charges | E3: Sum of charges2
A4: no | B4: 1064 | C4: 8434.2683 | D4: 8974061.5 | E4: 8974061.5
A5: yes | B5: 274 | C5: 32050.232 | D5: 8781763.5 | E5: 8781763.5
A6: Grand Total | B6: 1338 | C6: 13270.422 | D6: 17755825 | E6: 17755825
E8: smoker_status | F8: median
E9: yes | F9: 34456.348
E10: no | F10: 7345.4053

Sheet Correlation
A1: Category | B1: r | C1: r-squared
A2: Smoker | B2: 0.78725143 | C2: =B2*B2 -> 0.61976481
A3: Age | B3: 0.29900819 | C3: =B3*B3 -> 0.0894059
A4: BMI | B4: 0.19834097 | C4: =B4*B4 -> 0.03933914
A5: southeast | B5: 0.073981552 | C5: =B5*B5 -> 0.00547327
A6: Children | B6: 0.067998227 | C6: =B6*B6 -> 0.0046237589
A7: Sex | B7: 0.057292062 | C7: =B7*B7 -> 0.0032823804
A8: southwest | B8: -0.043210029 | C8: =B8*B8 -> 0.0018671066
A9: northwest | B9: -0.039904864 | C9: =B9*B9 -> 0.0015923982
A10: northeast | B10: 0.0063487713 | C10: =B10*B10 -> 4.0306897e-05

Sheet dim_BMI
A1: bmi_id | B1: adult_bmi_categories | C1: highest_bmi
A2: 1 | B2: 18.49 or less (Underweight) | C2: 18.49
A3: 2 | B3: 18.5 to 24.9 (Healthy Weight) | C3: 24.9
A4: 3 | B4: 25.0 to 29.9 (Overweight) | C4: 29.9
A5: 4 | B5: 30.0 to 34.9 (Obesity Class 1) | C5: 34.9
A6: 5 | B6: 35 to 39.9 (Obesity Class 2) | C6: 39.9
A7: 6 | B7: 40 or higher (Severe Obesity Class 3) | C7: 100

Sheet Sheet8
A3: Average of charges | B3: Column Labels
A4: Row Labels | B4: no | C4: yes | D4: Grand Total
A5: 40 or higher (Severe Obesity Class 3) | B5: 8267.5562 | C5: 45467.786 | D5: 16667.608
A6: 35 to 39.9 (Obesity Class 2) | B6: 9621.2999 | C6: 42756.857 | D6: 17245.41
A7: 30.0 to 34.9 (Obesity Class 1) | B7: 8493.0689 | C7: 39204.496 | D7: 14217.617
A8: 25.0 to 29.9 (Overweight) | B8: 8348.368 | C8: 22379.034 | D8: 11006.81
A9: 18.5 to 24.9 (Healthy Weight) | B9: 7599.6381 | C9: 19942.224 | D9: 10379.5
A10: 18.49 or less (Underweight) | B10: 5532.9925 | C10: 18809.825 | D10: 8852.2006
A11: Grand Total | B11: 8434.2683 | C11: 32050.232 | D11: 13270.422

Sheet insurance
A1: trial_ID | B1: age | C1: bmi | D1: children | E1: smoker(0/1) | F1: charges | G1: region | H1: smoker | I1: sex | J1: bmi_id | K1: bmi_category
A2: 2 | B2: 18 | C2: 33.77 | D2: 1 | E2: =IF(H2="yes",1,0) -> 0 | F2: 1725.5523 | G2: southeast | H2: no | I2: male | J2: =_xlfn.XLOOKUP(C2,dim_BMI!$C$2:$C$7,dim_BMI!$A$2:$A$7,,1) -> 4 | K2: =_xlfn.XLOOKUP(C2,dim_BMI!$C$2:$C$7,dim_BMI!$B$2:$B$7,,1) -> 30.0 to 34.9 (Obesity Class 1)
A3: 23 | B3: 18 | C3: 34.1 | D3: 0 | E3: =IF(H3="yes",1,0) -> 0 | F3: 1137.011 | G3: southeast | H3: no | I3: male | J3: =_xlfn.XLOOKUP(C3,dim_BMI!$C$2:$C$7,dim_BMI!$A$2:$A$7,,1) -> 4 | K3: =_xlfn.XLOOKUP(C3,dim_BMI!$C$2:$C$7,dim_BMI!$B$2:$B$7,,1) -> 30.0 to 34.9 (Obesity Class 1)
A4: 32 | B4: 18 | C4: 26.315 | D4: 0 | E4: =IF(H4="yes",1,0) -> 0 | F4: 2198.1899 | G4: northeast | H4: no | I4: female | J4: =_xlfn.XLOOKUP(C4,dim_BMI!$C$2:$C$7,dim_BMI!$A$2:$A$7,,1) -> 3 | K4: =_xlfn.XLOOKUP(C4,dim_BMI!$C$2:$C$7,dim_BMI!$B$2:$B$7,,1) -> 25.0 to 29.9 (Overweight)
A5: 47 | B5: 18 | C5: 38.665 | D5: 2 | E5: =IF(H5="yes",1,0) -> 0 | F5: 3393.3564 | G5: northeast | H5: no | I5: female | J5: =_xlfn.XLOOKUP(C5,dim_BMI!$C$2:$C$7,dim_BMI!$A$2:$A$7,,1) -> 5 | K5: =_xlfn.XLOOKUP(C5,dim_BMI!$C$2:$C$7,dim_BMI!$B$2:$B$7,,1) -> 35 to 39.9 (Obesity Class 2)
A6: 51 | B6: 18 | C6: 35.625 | D6: 0 | E6: =IF(H6="yes",1,0) -> 0 | F6: 2211.1307 | G6: northeast | H6: no | I6: female | J6: =_xlfn.XLOOKUP(C6,dim_BMI!$C$2:$C$7,dim_BMI!$A$2:$A$7,,1) -> 5 | K6: =_xlfn.XLOOKUP(C6,dim_BMI!$C$2:$C$7,dim_BMI!$B$2:$B$7,,1) -> 35 to 39.9 (Obesity Class 2)
A7: 58 | B7: 18 | C7: 31.68 | D7: 2 | E7: =IF(H7="yes",1,0) -> 1 | F7: 34303.167 | G7: southeast | H7: yes | I7: male | J7: =_xlfn.XLOOKUP(C7,dim_BMI!$C$2:$C$7,dim_BMI!$A$2:$A$7,,1) -> 4 | K7: =_xlfn.XLOOKUP(C7,dim_BMI!$C$2:$C$7,dim_BMI!$B$2:$B$7,,1) -> 30.0 to 34.9 (Obesity Class 1)
A8: 103 | B8: 18 | C8: 30.115 | D8: 0 | E8: =IF(H8="yes",1,0) -> 0 | F8: 21344.847 | G8: northeast | H8: no | I8: female | J8: =_xlfn.XLOOKUP(C8,dim_BMI!$C$2:$C$7,dim_BMI!$A$2:$A$7,,1) -> 4 | K8: =_xlfn.XLOOKUP(C8,dim_BMI!$C$2:$C$7,dim_BMI!$B$2:$B$7,,1) -> 30.0 to 34.9 (Obesity Class 1)
A9: 122 | B9: 18 | C9: 23.75 | D9: 0 | E9: =IF(H9="yes",1,0) -> 0 | F9: 1705.6245 | G9: northeast | H9: no | I9: male | J9: =_xlfn.XLOOKUP(C9,dim_BMI!$C$2:$C$7,dim_BMI!$A$2:$A$7,,1) -> 2 | K9: =_xlfn.XLOOKUP(C9,dim_BMI!$C$2:$C$7,dim_BMI!$B$2:$B$7,,1) -> 18.5 to 24.9 (Healthy Weight)
A10: 158 | B10: 18 | C10: 25.175 | D10: 0 | E10: =IF(H10="yes",1,0) -> 1 | F10: 15518.18 | G10: northeast | H10: yes | I10: male | J10: =_xlfn.XLOOKUP(C10,dim_BMI!$C$2:$C$7,dim_BMI!$A$2:$A$7,,1) -> 3 | K10: =_xlfn.XLOOKUP(C10,dim_BMI!$C$2:$C$7,dim_BMI!$B$2:$B$7,,1) -> 25.0 to 29.9 (Overweight)
A11: 162 | B11: 18 | C11: 36.85 | D11: 0 | E11: =IF(H11="yes",1,0) -> 1 | F11: 36149.484 | G11: southeast | H11: yes | I11: female | J11: =_xlfn.XLOOKUP(C11,dim_BMI!$C$2:$C$7,dim_BMI!$A$2:$A$7,,1) -> 5 | K11: =_xlfn.XLOOKUP(C11,dim_BMI!$C$2:$C$7,dim_BMI!$B$2:$B$7,,1) -> 35 to 39.9 (Obesity Class 2)
A12: 173 | B12: 18 | C12: 15.96 | D12: 0 | E12: =IF(H12="yes",1,0) -> 0 | F12: 1694.7964 | G12: northeast | H12: no | I12: male | J12: =_xlfn.XLOOKUP(C12,dim_BMI!$C$2:$C$7,dim_BMI!$A$2:$A$7,,1) -> 1 | K12: =_xlfn.XLOOKUP(C12,dim_BMI!$C$2:$C$7,dim_BMI!$B$2:$B$7,,1) -> 18.49 or less (Underweight)
A13: 182 | B13: 18 | C13: 38.28 | D13: 0 | E13: =IF(H13="yes",1,0) -> 0 | F13: 1631.8212 | G13: southeast | H13: no | I13: female | J13: =_xlfn.XLOOKUP(C13,dim_BMI!$C$2:$C$7,dim_BMI!$A$2:$A$7,,1) -> 5 | K13: =_xlfn.XLOOKUP(C13,dim_BMI!$C$2:$C$7,dim_BMI!$B$2:$B$7,,1) -> 35 to 39.9 (Obesity Class 2)
... A1339: 1266 | B1339: 64 | C1339: 23.76 | D1339: 0 | E1339: =IF(H1339="yes",1,0) -> 1 | F1339: 26926.514 | G1339: southeast | H1339: yes | I1339: male | J1339: =_xlfn.XLOOKUP(C1339,dim_BMI!$C$2:$C$7,dim_BMI!$A$2:$A$7,,1) -> 2 | K1339: =_xlfn.XLOOKUP(C1339,dim_BMI!$C$2:$C$7,dim_BMI!$B$2:$B$7,,1) -> 18.5 to 24.9 (Healthy Weight)
